#Genus	Species	Strain	NCBI accession	Cluster number	BGC type	From	To	On contig edge	Fast mode only	Most similar known cluster	Similarity in %	MIBiG BGC-ID	Results URL	Download URL
Cystobacter	fuscus	DSM 52655	NZ_CP022098.1	39	amglyccycl-t3pks hybrid	9319807	9368341	False	False	CetoniacytoneA	22	BGC0000283_c1	https://antismash-db.secondarymetabolites.org/go/GCF_002305875/39	https://antismash-db.secondarymetabolites.org/api/v1.0/download/genbank/GCF_002305875/cluster/39
Rhodococcus	erythropolis	PR4 (= NBRC 100887)	NC_012490.1	15	amglyccycl-otherks hybrid	5865371	5907632	False	False	Acarbose	7	BGC0000691_c1	https://antismash-db.secondarymetabolites.org/go/GCF_000010105/15	https://antismash-db.secondarymetabolites.org/api/v1.0/download/genbank/GCF_000010105/cluster/15
Streptomyces	griseus	NBRC 13350	NC_010572.1	28	amglyccycl	6935100	6958692	False	False	Streptomycin	26	BGC0000717_c1	https://antismash-db.secondarymetabolites.org/go/GCF_000010605/28	https://antismash-db.secondarymetabolites.org/api/v1.0/download/genbank/GCF_000010605/cluster/28
Mycobacterium	marinum	M	NC_010612.1	4	amglyccycl	671543	692746	False	False	Acarbose	7	BGC0000691_c1	https://antismash-db.secondarymetabolites.org/go/GCF_000018345/4	https://antismash-db.secondarymetabolites.org/api/v1.0/download/genbank/GCF_000018345/cluster/4
Frankia	alni	ACN14A	NC_008278.1	22	amglyccycl-otherks hybrid	5002778	5062637	False	False	CetoniacytoneA	38	BGC0000283_c1	https://antismash-db.secondarymetabolites.org/go/GCF_000058485/22	https://antismash-db.secondarymetabolites.org/api/v1.0/download/genbank/GCF_000058485/cluster/22
Streptomyces	hygroscopicus	5008	NC_017765.1	1	amglyccycl	358720	379965	False	False	Validamycin	59	BGC0000722_c1	https://antismash-db.secondarymetabolites.org/go/GCF_000245355/1	https://antismash-db.secondarymetabolites.org/api/v1.0/download/genbank/GCF_000245355/cluster/1
Rhodococcus	erythropolis	CCM2595	NC_022115.1	14	amglyccycl-otherks hybrid	5604633	5646894	False	False	Acarbose	7	BGC0000691_c1	https://antismash-db.secondarymetabolites.org/go/GCF_000454045/14	https://antismash-db.secondarymetabolites.org/api/v1.0/download/genbank/GCF_000454045/cluster/14
Rhodococcus	erythropolis	R138	NZ_CP007255.1	6	amglyccycl-otherks hybrid	1301810	1344071	False	False	Acarbose	7	BGC0000691_c1	https://antismash-db.secondarymetabolites.org/go/GCF_000696675/6	https://antismash-db.secondarymetabolites.org/api/v1.0/download/genbank/GCF_000696675/cluster/6
Mycobacterium	marinum	E11	NZ_HG917972.2	2	amglyccycl	622805	644011	False	False	Acarbose	7	BGC0000691_c1	https://antismash-db.secondarymetabolites.org/go/GCF_000723425/2	https://antismash-db.secondarymetabolites.org/api/v1.0/download/genbank/GCF_000723425/cluster/2
Streptomyces	glaucescens	GLA.O	NZ_CP009438.1	3	amglyccycl	273979	300700	False	False	5'-hydroxystreptomycin	95	BGC0000690_c1	https://antismash-db.secondarymetabolites.org/go/GCF_000761215/3	https://antismash-db.secondarymetabolites.org/api/v1.0/download/genbank/GCF_000761215/cluster/3
Streptomyces	albus	DSM 41398	NZ_CP010519.1	4	amglyccycl	746864	768097	False	False	Pyralomicin	22	BGC0001038_c1	https://antismash-db.secondarymetabolites.org/go/GCF_000827005/4	https://antismash-db.secondarymetabolites.org/api/v1.0/download/genbank/GCF_000827005/cluster/4
Rhodococcus	erythropolis	BG43	NZ_CP011295.1	15	amglyccycl-otherks hybrid	5640785	5683046	False	False	Acarbose	7	BGC0000691_c1	https://antismash-db.secondarymetabolites.org/go/GCF_000975175/15	https://antismash-db.secondarymetabolites.org/api/v1.0/download/genbank/GCF_000975175/cluster/15
Streptomyces	hygroscopicus	KCTC 1717	NZ_CP013220.1	25	amglyccycl-t1pks hybrid	342392	431982	False	False	Validamycin	90	BGC0000723_c1	https://antismash-db.secondarymetabolites.org/go/GCF_001447075/25	https://antismash-db.secondarymetabolites.org/api/v1.0/download/genbank/GCF_001447075/cluster/25
Aeromicrobium	erythreum	AR18	NZ_CP011502.1	1	amglyccycl	1503714	1524998	False	False	None	None	None	https://antismash-db.secondarymetabolites.org/go/GCF_001509405/1	https://antismash-db.secondarymetabolites.org/api/v1.0/download/genbank/GCF_001509405/cluster/1
Streptomyces	reticuli	None	NZ_LN997842.1	17	amglyccycl-butyrolactone-nrps hybrid	5650564	5761564	False	False	Pyralomicin	18	BGC0001038_c1	https://antismash-db.secondarymetabolites.org/go/GCF_001511815/17	https://antismash-db.secondarymetabolites.org/api/v1.0/download/genbank/GCF_001511815/cluster/17
Streptomyces	lincolnensis	NRRL 2936	NZ_CP016438.1	15	amglyccycl-butyrolactone hybrid	6047625	6079735	False	False	Pyralomicin	18	BGC0001038_c1	https://antismash-db.secondarymetabolites.org/go/GCF_001685355/15	https://antismash-db.secondarymetabolites.org/api/v1.0/download/genbank/GCF_001685355/cluster/15
Streptomyces	clavuligerus	F613-1	NZ_CP016560.1	29	amglyccycl-nrps-t1pks-terpene hybrid	275057	357529	False	False	Daptomycin	7	BGC0000336_c1	https://antismash-db.secondarymetabolites.org/go/GCF_001693675/29	https://antismash-db.secondarymetabolites.org/api/v1.0/download/genbank/GCF_001693675/cluster/29
Micromonospora	echinospora	DSM 43816	NZ_LT607413.1	7	amglyccycl	2519708	2540902	False	False	Gentamicin	27	BGC0000696_c1	https://antismash-db.secondarymetabolites.org/go/GCF_900091495/7	https://antismash-db.secondarymetabolites.org/api/v1.0/download/genbank/GCF_900091495/cluster/7
Streptomyces	chartreusis	None	NZ_LT963352.1	6	amglyccycl-t2pks hybrid	1407680	1480082	False	False	Granaticin	27	BGC0000227_c1	https://antismash-db.secondarymetabolites.org/go/GCF_900236475/6	https://antismash-db.secondarymetabolites.org/api/v1.0/download/genbank/GCF_900236475/cluster/6
Amycolatopsis	orientalis	HCCB10007	NC_021252.1	22	amglyccycl	6114118	6135393	False	False	None	None	None	https://antismash-db.secondarymetabolites.org/go/GCF_000400635/22	https://antismash-db.secondarymetabolites.org/api/v1.0/download/genbank/GCF_000400635/cluster/22
Amycolatopsis	orientalis	B-37	NZ_CP016174.1	8	amglyccycl-nrps hybrid	2208868	2286818	False	False	Coelibactin	45	BGC0000324_c1	https://antismash-db.secondarymetabolites.org/go/GCF_000943515/8	https://antismash-db.secondarymetabolites.org/api/v1.0/download/genbank/GCF_000943515/cluster/8
Corynebacterium	genitalium	ATCC 33030	NZ_CM000961.1	3	amglyccycl-otherks hybrid	1043210	1085480	False	False	BottromycinA2	9	BGC0000469_c1	https://antismash-db.secondarymetabolites.org/go/GCF_000143825/3	https://antismash-db.secondarymetabolites.org/api/v1.0/download/genbank/GCF_000143825/cluster/3
Nocardia	seriolae	EM150506	NZ_CP017839.1	22	amglyccycl-otherks hybrid	6207874	6250144	False	False	Acarbose	7	BGC0000691_c1	https://antismash-db.secondarymetabolites.org/go/GCF_001865855/22	https://antismash-db.secondarymetabolites.org/api/v1.0/download/genbank/GCF_001865855/cluster/22
Amycolatopsis	Unclassified	AA4	NZ_CP024894.1	9	amglyccycl-nrps hybrid	2680358	2772064	False	False	Amychelin	100	BGC0000300_c1	https://antismash-db.secondarymetabolites.org/go/GCF_002796545/9	https://antismash-db.secondarymetabolites.org/api/v1.0/download/genbank/GCF_002796545/cluster/9
Kitasatospora	Unclassified	MMS16-BH015	NZ_CP025394.1	36	amglyccycl	7204337	7225510	False	False	CetoniacytoneA	9	BGC0000283_c1	https://antismash-db.secondarymetabolites.org/go/GCF_002943525/36	https://antismash-db.secondarymetabolites.org/api/v1.0/download/genbank/GCF_002943525/cluster/36
Tsukamurella	tyrosinosolvens	MH1	NZ_CP019066.1	8	amglyccycl	2111928	2133155	False	False	Acarbose	10	BGC0000691_c1	https://antismash-db.secondarymetabolites.org/go/GCF_002869785/8	https://antismash-db.secondarymetabolites.org/api/v1.0/download/genbank/GCF_002869785/cluster/8
Streptomyces	olivaceus	KLBMP 5084	NZ_CP016795.1	6	amglyccycl	645279	666518	False	False	Validamycin	22	BGC0000723_c1	https://antismash-db.secondarymetabolites.org/go/GCF_001767375/6	https://antismash-db.secondarymetabolites.org/api/v1.0/download/genbank/GCF_001767375/cluster/6
Streptomyces	olivaceus	KLBMP 5084	NZ_CP016795.1	16	amglyccycl-nrps hybrid	4364673	4417348	False	False	Metatricycloene	6	BGC0001369_c1	https://antismash-db.secondarymetabolites.org/go/GCF_001767375/16	https://antismash-db.secondarymetabolites.org/api/v1.0/download/genbank/GCF_001767375/cluster/16
Saccharothrix	espanaensis	type strain: DSM 44229	NC_019673.1	22	amglyccycl	5878505	5899633	False	False	None	None	None	https://antismash-db.secondarymetabolites.org/go/GCF_000328705/22	https://antismash-db.secondarymetabolites.org/api/v1.0/download/genbank/GCF_000328705/cluster/22
Actinoplanes	Unclassified	None	NZ_LT827010.1	7	amglyccycl	4067208	4088405	False	False	Acarbose	64	BGC0000691_c1	https://antismash-db.secondarymetabolites.org/go/GCF_900119315/7	https://antismash-db.secondarymetabolites.org/api/v1.0/download/genbank/GCF_900119315/cluster/7
Salinispora	tropica	CNB-440	NC_009380.1	7	amglyccycl	2630088	2651255	False	False	None	None	None	https://antismash-db.secondarymetabolites.org/go/GCF_000016425/7	https://antismash-db.secondarymetabolites.org/api/v1.0/download/genbank/GCF_000016425/cluster/7
Salinispora	arenicola	CNS-205	NC_009953.1	12	amglyccycl	2836623	2857790	False	False	None	None	None	https://antismash-db.secondarymetabolites.org/go/GCF_000018265/12	https://antismash-db.secondarymetabolites.org/api/v1.0/download/genbank/GCF_000018265/cluster/12
Amycolatopsis	japonica	MG417-CF17	NZ_CP008953.1	25	amglyccycl-otherks hybrid	7571799	7628166	False	False	CetoniacytoneA	38	BGC0000283_c1	https://antismash-db.secondarymetabolites.org/go/GCF_000732925/25	https://antismash-db.secondarymetabolites.org/api/v1.0/download/genbank/GCF_000732925/cluster/25
Streptomyces	sviceus	ATCC 29083	NZ_CM000951.1	19	amglyccycl	7264389	7329198	False	False	Stenothricin	13	BGC0000431_c1	https://antismash-db.secondarymetabolites.org/go/GCF_000154965/19	https://antismash-db.secondarymetabolites.org/api/v1.0/download/genbank/GCF_000154965/cluster/19
Streptomyces	rubrolavendulae	MJM4426	NZ_CP017316.1	22	amglyccycl	6026408	6060840	False	False	Neomycin	60	BGC0000709_c1	https://antismash-db.secondarymetabolites.org/go/GCF_001750785/22	https://antismash-db.secondarymetabolites.org/api/v1.0/download/genbank/GCF_001750785/cluster/22
Nocardiopsis	gilva	YIM 90087	NZ_CP022753.1	7	amglyccycl	1532519	1553755	False	False	None	None	None	https://antismash-db.secondarymetabolites.org/go/GCF_002263495/7	https://antismash-db.secondarymetabolites.org/api/v1.0/download/genbank/GCF_002263495/cluster/7
Streptomyces	vietnamensis	GIM4.0001	NZ_CP010407.1	1	amglyccycl-butyrolactone hybrid	234458	262903	False	False	Pyralomicin	18	BGC0001038_c1	https://antismash-db.secondarymetabolites.org/go/GCF_000830005/1	https://antismash-db.secondarymetabolites.org/api/v1.0/download/genbank/GCF_000830005/cluster/1
Photorhabdus	thracensis	DSM 15199	NZ_CP011104.1	14	amglyccycl	2814773	2836663	False	False	Gentamicin	7	BGC0000697_c1	https://antismash-db.secondarymetabolites.org/go/GCF_001010285/14	https://antismash-db.secondarymetabolites.org/api/v1.0/download/genbank/GCF_001010285/cluster/14
Streptomyces	xinghaiensis	S187	NZ_CP023202.1	6	amglyccycl	893945	927499	False	False	Neomycin	50	BGC0000709_c1	https://antismash-db.secondarymetabolites.org/go/GCF_000220705/6	https://antismash-db.secondarymetabolites.org/api/v1.0/download/genbank/GCF_000220705/cluster/6
Rhodococcus	Unclassified	YL-1	NZ_CP017299.1	16	amglyccycl-otherks hybrid	5613374	5655635	False	False	Acarbose	7	BGC0000691_c1	https://antismash-db.secondarymetabolites.org/go/GCF_001942025/16	https://antismash-db.secondarymetabolites.org/api/v1.0/download/genbank/GCF_001942025/cluster/16
Gloeocapsa	Unclassified	PCC 7428	NC_019745.1	1	amglyccycl	574597	595791	False	False	None	None	None	https://antismash-db.secondarymetabolites.org/go/GCF_000317555/1	https://antismash-db.secondarymetabolites.org/api/v1.0/download/genbank/GCF_000317555/cluster/1
Chromobacterium	vaccinii	21-1	NZ_CP017707.1	9	amglyccycl	4278193	4299420	False	False	Pyralomicin	11	BGC0001038_c1	https://antismash-db.secondarymetabolites.org/go/GCF_001855275/9	https://antismash-db.secondarymetabolites.org/api/v1.0/download/genbank/GCF_001855275/cluster/9
Sodalis	praecaptivus	HS1	NZ_CP006570.1	5	amglyccycl	379649	401518	False	False	Lividomycin	10	BGC0000708_c1	https://antismash-db.secondarymetabolites.org/go/GCF_000517425/5	https://antismash-db.secondarymetabolites.org/api/v1.0/download/genbank/GCF_000517425/cluster/5
Streptomyces	leeuwenhoekii	C34 (= DSM 42122 = NRRL B-24963)	NZ_LN831790.1	23	amglyccycl-butyrolactone hybrid	5385170	5417416	False	False	Acarbose	14	BGC0000691_c1	https://antismash-db.secondarymetabolites.org/go/GCF_001013905/23	https://antismash-db.secondarymetabolites.org/api/v1.0/download/genbank/GCF_001013905/cluster/23
Rhodococcus	Unclassified	B7740	NZ_CP010797.1	1	amglyccycl-otherks hybrid	83135	125405	False	False	Acarbose	7	BGC0000691_c1	https://antismash-db.secondarymetabolites.org/go/GCF_000954115/1	https://antismash-db.secondarymetabolites.org/api/v1.0/download/genbank/GCF_000954115/cluster/1
Streptomyces	Unclassified	CFMR-7	NZ_CP011522.1	16	amglyccycl	2552446	2573649	False	False	Acarbose	14	BGC0000691_c1	https://antismash-db.secondarymetabolites.org/go/GCF_001278095/16	https://antismash-db.secondarymetabolites.org/api/v1.0/download/genbank/GCF_001278095/cluster/16
Rhodococcus	Unclassified	PBTS 2	NZ_CP015220.1	18	amglyccycl-otherks hybrid	4982802	5025072	False	False	Acarbose	7	BGC0000691_c1	https://antismash-db.secondarymetabolites.org/go/GCF_001620005/18	https://antismash-db.secondarymetabolites.org/api/v1.0/download/genbank/GCF_001620005/cluster/18
Actinoalloteichus	Unclassified	GBA129-24	NZ_CP016077.1	21	amglyccycl	5037866	5059177	False	False	Acarbose	17	BGC0000691_c1	https://antismash-db.secondarymetabolites.org/go/GCF_001941645/21	https://antismash-db.secondarymetabolites.org/api/v1.0/download/genbank/GCF_001941645/cluster/21
Streptomyces	formicae	KY5	NZ_CP022685.1	6	amglyccycl-nrps-terpene hybrid	761382	969740	False	False	Telomycin	55	BGC0001406_c1	https://antismash-db.secondarymetabolites.org/go/GCF_002556545/6	https://antismash-db.secondarymetabolites.org/api/v1.0/download/genbank/GCF_002556545/cluster/6
Rhodococcus	Unclassified	H-CA8f	NZ_CP023720.1	3	amglyccycl-otherks hybrid	624229	666490	False	False	Acarbose	7	BGC0000691_c1	https://antismash-db.secondarymetabolites.org/go/GCF_002501585/3	https://antismash-db.secondarymetabolites.org/api/v1.0/download/genbank/GCF_002501585/cluster/3
Streptomyces	Unclassified	TLI_053	NZ_LT629775.1	35	amglyccycl-nrps hybrid	8459300	8597594	False	False	Paromomycin	47	BGC0000712_c1	https://antismash-db.secondarymetabolites.org/go/GCF_900105395/35	https://antismash-db.secondarymetabolites.org/api/v1.0/download/genbank/GCF_900105395/cluster/35
Cystobacter	fuscus	DSM 2262	NZ_ANAH02000017.0	23	amglyccycl-t3pks hybrid	165693	220142	False	True	CetoniacytoneA	22	BGC0000283_c1	https://antismash-db.secondarymetabolites.org/go/GCF_000335475/23	https://antismash-db.secondarymetabolites.org/api/v1.0/download/genbank/GCF_000335475/cluster/23
Pseudomonas	fluorescens	UK4	NZ_LJXB01000078.0	5	amglyccycl	10416	32375	False	True	Paromomycin	7	BGC0000712_c1	https://antismash-db.secondarymetabolites.org/go/GCF_001317545/5	https://antismash-db.secondarymetabolites.org/api/v1.0/download/genbank/GCF_001317545/cluster/5
Agrobacterium	vitis	NCPPB 3554	NZ_MAVS01000031.0	8	amglyccycl	0	12633	True	True	Pyralomicin	14	BGC0001038_c1	https://antismash-db.secondarymetabolites.org/go/GCF_001758305/8	https://antismash-db.secondarymetabolites.org/api/v1.0/download/genbank/GCF_001758305/cluster/8
Mycobacterium	marinum	MB2	NZ_ANPM01000003.0	29	amglyccycl	633437	654640	False	True	Acarbose	7	BGC0000691_c1	https://antismash-db.secondarymetabolites.org/go/GCF_000419335/29	https://antismash-db.secondarymetabolites.org/api/v1.0/download/genbank/GCF_000419335/cluster/29
Rhodococcus	fascians	A22b	NZ_JOKB01000065.0	20	amglyccycl-otherks hybrid	108342	150606	False	True	None	None	None	https://antismash-db.secondarymetabolites.org/go/GCF_000759005/20	https://antismash-db.secondarymetabolites.org/api/v1.0/download/genbank/GCF_000759005/cluster/20
Rhodococcus	fascians	A44a	NZ_JMEX01000005.0	3	amglyccycl-otherks hybrid	24124	66388	False	True	Fengycin	13	BGC0001095_c1	https://antismash-db.secondarymetabolites.org/go/GCF_000760735/3	https://antismash-db.secondarymetabolites.org/api/v1.0/download/genbank/GCF_000760735/cluster/3
Rhodococcus	fascians	A73a	NZ_JMEW01000003.0	2	amglyccycl-otherks hybrid	35451	77661	False	True	Fengycin	13	BGC0001095_c1	https://antismash-db.secondarymetabolites.org/go/GCF_000760755/2	https://antismash-db.secondarymetabolites.org/api/v1.0/download/genbank/GCF_000760755/cluster/2
Rhodococcus	fascians	02-815	NZ_JMFF01000018.0	10	amglyccycl-otherks hybrid	85014	127278	False	True	Fengycin	13	BGC0001095_c1	https://antismash-db.secondarymetabolites.org/go/GCF_000760835/10	https://antismash-db.secondarymetabolites.org/api/v1.0/download/genbank/GCF_000760835/cluster/10
Rhodococcus	fascians	02-816c	NZ_JMFE01000009.0	7	amglyccycl-otherks hybrid	24402	66666	False	True	Fengycin	13	BGC0001095_c1	https://antismash-db.secondarymetabolites.org/go/GCF_000760855/7	https://antismash-db.secondarymetabolites.org/api/v1.0/download/genbank/GCF_000760855/cluster/7
Rhodococcus	fascians	05-339-1	NZ_JMFC01000010.0	13	amglyccycl-otherks hybrid	149291	191561	False	True	Acarbose	7	BGC0000691_c1	https://antismash-db.secondarymetabolites.org/go/GCF_000760895/13	https://antismash-db.secondarymetabolites.org/api/v1.0/download/genbank/GCF_000760895/cluster/13
Rhodococcus	erythropolis	XP	NZ_AGCF01000001.0	12	amglyccycl-otherks hybrid	1657253	1699514	False	True	Acarbose	7	BGC0000691_c1	https://antismash-db.secondarymetabolites.org/go/GCF_000225665/12	https://antismash-db.secondarymetabolites.org/api/v1.0/download/genbank/GCF_000225665/cluster/12
Rhodococcus	erythropolis	DN1	NZ_AUZK01000001.0	2	amglyccycl-otherks hybrid	183000	225261	False	True	Acarbose	7	BGC0000691_c1	https://antismash-db.secondarymetabolites.org/go/GCF_000454425/2	https://antismash-db.secondarymetabolites.org/api/v1.0/download/genbank/GCF_000454425/cluster/2
Rhodococcus	erythropolis	NBRC 15567	NZ_BCRM01000001.0	2	amglyccycl-otherks hybrid	318629	360890	False	True	Acarbose	7	BGC0000691_c1	https://antismash-db.secondarymetabolites.org/go/GCF_001552595/2	https://antismash-db.secondarymetabolites.org/api/v1.0/download/genbank/GCF_001552595/cluster/2
Rhodococcus	erythropolis	BG43	NZ_MDCH01000001.0	2	amglyccycl-otherks hybrid	492953	535214	False	True	Acarbose	7	BGC0000691_c1	https://antismash-db.secondarymetabolites.org/go/GCF_001715845/2	https://antismash-db.secondarymetabolites.org/api/v1.0/download/genbank/GCF_001715845/cluster/2
Rhodococcus	erythropolis	BG43	NZ_MLKO01000001.0	4	amglyccycl-otherks hybrid	410998	453259	False	True	Acarbose	7	BGC0000691_c1	https://antismash-db.secondarymetabolites.org/go/GCF_001831305/4	https://antismash-db.secondarymetabolites.org/api/v1.0/download/genbank/GCF_001831305/cluster/4
Actinoplanes	utahensis	NRRL 12052	NZ_JRTT01000012.0	1	amglyccycl	125215	146424	False	True	Pyralomicin	22	BGC0001038_c1	https://antismash-db.secondarymetabolites.org/go/GCF_000785985/1	https://antismash-db.secondarymetabolites.org/api/v1.0/download/genbank/GCF_000785985/cluster/1
Actinoplanes	utahensis	NRRL 12052	NZ_JRTT01000015.0	9	amglyccycl	151812	172994	False	True	Validamycin	25	BGC0000722_c1	https://antismash-db.secondarymetabolites.org/go/GCF_000785985/9	https://antismash-db.secondarymetabolites.org/api/v1.0/download/genbank/GCF_000785985/cluster/9
Streptomyces	bikiniensis	NRRL ISP-5582	NZ_JOAU01000026.0	19	amglyccycl	15084	38771	False	True	Streptomycin	55	BGC0000724_c1	https://antismash-db.secondarymetabolites.org/go/GCF_000718595/19	https://antismash-db.secondarymetabolites.org/api/v1.0/download/genbank/GCF_000718595/cluster/19
Streptomyces	bikiniensis	NRRL ISP-5582	NZ_JOAU01000041.0	24	amglyccycl-butyrolactone hybrid	3469	32393	True	True	Acarbose	14	BGC0000691_c1	https://antismash-db.secondarymetabolites.org/go/GCF_000718595/24	https://antismash-db.secondarymetabolites.org/api/v1.0/download/genbank/GCF_000718595/cluster/24
Streptomyces	corchorusii	DSM 40340	NZ_KQ948381.1	37	amglyccycl-t1pks hybrid	0	36857	True	True	Validamycin	90	BGC0000723_c1	https://antismash-db.secondarymetabolites.org/go/GCF_001514055/37	https://antismash-db.secondarymetabolites.org/api/v1.0/download/genbank/GCF_001514055/cluster/37
Streptomyces	griseus	NRRL B-2307	NZ_JOBR01000011.0	29	amglyccycl	144405	167997	False	True	Streptomycin	26	BGC0000717_c1	https://antismash-db.secondarymetabolites.org/go/GCF_000717795/29	https://antismash-db.secondarymetabolites.org/api/v1.0/download/genbank/GCF_000717795/cluster/29
Streptomyces	hygroscopicus	NRRL B-1477	NZ_JOIK01000053.0	34	amglyccycl-t1pks hybrid	16165	56942	True	True	Validamycin	40	BGC0000722_c1	https://antismash-db.secondarymetabolites.org/go/GCF_000721535/34	https://antismash-db.secondarymetabolites.org/api/v1.0/download/genbank/GCF_000721535/cluster/34
Streptomyces	hygroscopicus	NRRL B-1477	NZ_JOIK01000062.0	35	amglyccycl	7091	30377	False	True	HygromycinB	54	BGC0000699_c1	https://antismash-db.secondarymetabolites.org/go/GCF_000721535/35	https://antismash-db.secondarymetabolites.org/api/v1.0/download/genbank/GCF_000721535/cluster/35
Streptomyces	hygroscopicus	NRRL B-1477	NZ_BBOU01000026.0	6	amglyccycl	244186	265401	False	True	Validamycin	37	BGC0000722_c1	https://antismash-db.secondarymetabolites.org/go/GCF_001553435/6	https://antismash-db.secondarymetabolites.org/api/v1.0/download/genbank/GCF_001553435/cluster/6
Streptomyces	hygroscopicus	NRRL B-1477	NZ_BBOU01000080.0	42	amglyccycl-terpene hybrid	5789	36989	False	True	HygromycinB	54	BGC0000699_c1	https://antismash-db.secondarymetabolites.org/go/GCF_001553435/42	https://antismash-db.secondarymetabolites.org/api/v1.0/download/genbank/GCF_001553435/cluster/42
Streptomyces	hygroscopicus	NRRL B-1477	NZ_BBOX01000022.0	1	amglyccycl-t1pks hybrid	37748	79422	True	True	Validamycin	40	BGC0000722_c1	https://antismash-db.secondarymetabolites.org/go/GCF_001553455/1	https://antismash-db.secondarymetabolites.org/api/v1.0/download/genbank/GCF_001553455/cluster/1
Streptomyces	hygroscopicus	NRRL B-1477	NZ_BBOX01000273.0	36	amglyccycl	17119	40051	True	True	HygromycinB	60	BGC0000699_c1	https://antismash-db.secondarymetabolites.org/go/GCF_001553455/36	https://antismash-db.secondarymetabolites.org/api/v1.0/download/genbank/GCF_001553455/cluster/36
Streptomyces	hygroscopicus	NRRL B-1477	NZ_BBOY01000065.0	10	amglyccycl	10052	31291	False	True	Validamycin	37	BGC0000722_c1	https://antismash-db.secondarymetabolites.org/go/GCF_001553475/10	https://antismash-db.secondarymetabolites.org/api/v1.0/download/genbank/GCF_001553475/cluster/10
Streptomyces	hygroscopicus	NRRL B-1477	NZ_BBOY01000325.0	54	amglyccycl	0	18228	True	True	HygromycinB	54	BGC0000699_c1	https://antismash-db.secondarymetabolites.org/go/GCF_001553475/54	https://antismash-db.secondarymetabolites.org/api/v1.0/download/genbank/GCF_001553475/cluster/54
Streptomyces	hygroscopicus	NRRL B-1477	NZ_BCAN01000026.0	2	amglyccycl-t1pks hybrid	190334	255321	False	True	Validamycin	40	BGC0000722_c1	https://antismash-db.secondarymetabolites.org/go/GCF_001570645/2	https://antismash-db.secondarymetabolites.org/api/v1.0/download/genbank/GCF_001570645/cluster/2
Streptomyces	hygroscopicus	NRRL B-1477	NZ_BCAN01000093.0	40	amglyccycl	25593	48879	False	True	HygromycinB	54	BGC0000699_c1	https://antismash-db.secondarymetabolites.org/go/GCF_001570645/40	https://antismash-db.secondarymetabolites.org/api/v1.0/download/genbank/GCF_001570645/cluster/40
Streptomyces	hygroscopicus	NRRL B-1477	NZ_MDFG01000013.0	16	amglyccycl-t1pks hybrid	137731	202785	False	True	Validamycin	40	BGC0000722_c1	https://antismash-db.secondarymetabolites.org/go/GCF_001705785/16	https://antismash-db.secondarymetabolites.org/api/v1.0/download/genbank/GCF_001705785/cluster/16
Streptomyces	hygroscopicus	NRRL B-1477	NZ_MDFG01000043.0	35	amglyccycl-t1pks hybrid	28370	78780	True	True	HygromycinB	60	BGC0000699_c1	https://antismash-db.secondarymetabolites.org/go/GCF_001705785/35	https://antismash-db.secondarymetabolites.org/api/v1.0/download/genbank/GCF_001705785/cluster/35
Streptomyces	violaceoruber	S21	NZ_JODI01000035.0	19	amglyccycl	22772	44008	False	True	Acarbose	7	BGC0000691_c1	https://antismash-db.secondarymetabolites.org/go/GCF_000720805/19	https://antismash-db.secondarymetabolites.org/api/v1.0/download/genbank/GCF_000720805/cluster/19
Streptomyces	viridochromogenes	NRRL 3413	NZ_LGUR01000227.0	28	amglyccycl	13868	35098	False	True	Laspartomycin	11	BGC0000379_c1	https://antismash-db.secondarymetabolites.org/go/GCF_001270495/28	https://antismash-db.secondarymetabolites.org/api/v1.0/download/genbank/GCF_001270495/cluster/28
Streptomyces	kanamyceticus	NRRL B-2535	NZ_LIQU01000208.0	22	amglyccycl-otherks-t2pks-terpene hybrid	0	70419	True	True	CosmomycinD	12	BGC0001074_c1	https://antismash-db.secondarymetabolites.org/go/GCF_001418465/22	https://antismash-db.secondarymetabolites.org/api/v1.0/download/genbank/GCF_001418465/cluster/22
Streptomyces	kanamyceticus	NRRL B-2535	NZ_LIQU01000374.0	39	amglyccycl	0	7150	True	True	Kanamycin	16	BGC0000705_c1	https://antismash-db.secondarymetabolites.org/go/GCF_001418465/39	https://antismash-db.secondarymetabolites.org/api/v1.0/download/genbank/GCF_001418465/cluster/39
Streptomyces	cellulosae	NRRL B-2687	NZ_JOEV01000010.0	8	amglyccycl	212395	233631	False	True	Acarbose	7	BGC0000691_c1	https://antismash-db.secondarymetabolites.org/go/GCF_000721105/8	https://antismash-db.secondarymetabolites.org/api/v1.0/download/genbank/GCF_000721105/cluster/8
Streptomyces	chartreusis	NRRL 12338	NZ_JH164840.1	5	amglyccycl-t2pks hybrid	0	61726	True	True	Granaticin	27	BGC0000227_c1	https://antismash-db.secondarymetabolites.org/go/GCF_000226455/5	https://antismash-db.secondarymetabolites.org/api/v1.0/download/genbank/GCF_000226455/cluster/5
Streptoalloteichus	hindustanus	DSM 44523	NZ_FQVN01000008.0	8	amglyccycl	247538	279588	False	True	Apramycin	80	BGC0000692_c1	https://antismash-db.secondarymetabolites.org/go/GCF_900129375/8	https://antismash-db.secondarymetabolites.org/api/v1.0/download/genbank/GCF_900129375/cluster/8
Streptoalloteichus	hindustanus	DSM 44523	NZ_FQVN01000002.0	19	amglyccycl	611050	680927	False	True	Tobramycin	43	BGC0000721_c1	https://antismash-db.secondarymetabolites.org/go/GCF_900129375/19	https://antismash-db.secondarymetabolites.org/api/v1.0/download/genbank/GCF_900129375/cluster/19
Acidovorax	konjaci	DSM 7481	NZ_FOMQ01000004.0	5	amglyccycl	199563	220697	False	True	None	None	None	https://antismash-db.secondarymetabolites.org/go/GCF_900112675/5	https://antismash-db.secondarymetabolites.org/api/v1.0/download/genbank/GCF_900112675/cluster/5
Amycolatopsis	azurea	DSM 43854	NZ_MUXN01000002.0	14	amglyccycl-nrps-t1pks hybrid	323805	488093	False	True	CaerulomycinA	56	BGC0000966_c1	https://antismash-db.secondarymetabolites.org/go/GCF_001995215/14	https://antismash-db.secondarymetabolites.org/api/v1.0/download/genbank/GCF_001995215/cluster/14
Xenorhabdus	bovienii	puntauvense	NZ_HG780079.1	13	amglyccycl	53152	65435	True	True	None	None	None	https://antismash-db.secondarymetabolites.org/go/GCF_000736635/13	https://antismash-db.secondarymetabolites.org/api/v1.0/download/genbank/GCF_000736635/cluster/13
Streptomyces	acidiscabies	84-104	NZ_AHBF01000133.0	9	amglyccycl-t1pks hybrid	0	37188	True	True	Divergolide	20	BGC0001119_c1	https://antismash-db.secondarymetabolites.org/go/GCF_000242715/9	https://antismash-db.secondarymetabolites.org/api/v1.0/download/genbank/GCF_000242715/cluster/9
Streptomyces	acidiscabies	NCPPB 4445	NZ_KQ257834.1	35	amglyccycl	720414	741557	False	True	Divergolide	17	BGC0001119_c1	https://antismash-db.secondarymetabolites.org/go/GCF_001189015/35	https://antismash-db.secondarymetabolites.org/api/v1.0/download/genbank/GCF_001189015/cluster/35
Streptomyces	acidiscabies	NCPPB 4445	NZ_BCMK01000013.0	15	amglyccycl-otherks-t1pks hybrid	0	136687	True	True	ConcanamycinA	50	BGC0000040_c1	https://antismash-db.secondarymetabolites.org/go/GCF_001485105/15	https://antismash-db.secondarymetabolites.org/api/v1.0/download/genbank/GCF_001485105/cluster/15
Streptomyces	acidiscabies	NCPPB 4445	NZ_LYDS01000123.0	3	amglyccycl	0	2313	True	True	CetoniacytoneA	9	BGC0000283_c1	https://antismash-db.secondarymetabolites.org/go/GCF_001941275/3	https://antismash-db.secondarymetabolites.org/api/v1.0/download/genbank/GCF_001941275/cluster/3
Streptomyces	acidiscabies	NCPPB 4445	NZ_BCML01000092.0	37	amglyccycl-t1pks hybrid	0	38969	True	True	Divergolide	27	BGC0001119_c1	https://antismash-db.secondarymetabolites.org/go/GCF_001949645/37	https://antismash-db.secondarymetabolites.org/api/v1.0/download/genbank/GCF_001949645/cluster/37
Streptomyces	olivaceus	KLBMP 5084	NZ_JOFH01000001.0	1	amglyccycl	126782	148021	False	True	Validamycin	22	BGC0000723_c1	https://antismash-db.secondarymetabolites.org/go/GCF_000721235/1	https://antismash-db.secondarymetabolites.org/api/v1.0/download/genbank/GCF_000721235/cluster/1
Micromonospora	carbonacea	JXNU-1	NZ_JXSX01000001.0	13	amglyccycl	3787535	3808633	False	True	Validamycin	25	BGC0000722_c1	https://antismash-db.secondarymetabolites.org/go/GCF_000876225/13	https://antismash-db.secondarymetabolites.org/api/v1.0/download/genbank/GCF_000876225/cluster/13
Micromonospora	carbonacea	JXNU-1	NZ_FMCT01000009.0	25	amglyccycl	202795	223893	False	True	Validamycin	22	BGC0000723_c1	https://antismash-db.secondarymetabolites.org/go/GCF_900091535/25	https://antismash-db.secondarymetabolites.org/api/v1.0/download/genbank/GCF_900091535/cluster/25
Micromonospora	inyonensis	DSM 46123	NZ_FMHU01000001.0	19	amglyccycl	1189981	1211166	False	True	Gentamicin	30	BGC0000696_c1	https://antismash-db.secondarymetabolites.org/go/GCF_900091415/19	https://antismash-db.secondarymetabolites.org/api/v1.0/download/genbank/GCF_900091415/cluster/19
Kitasatospora	mediocidica	KCTC 9733	NZ_JQLN01000004.0	13	amglyccycl	1372937	1394176	False	True	CetoniacytoneA	16	BGC0000283_c1	https://antismash-db.secondarymetabolites.org/go/GCF_000744225/13	https://antismash-db.secondarymetabolites.org/api/v1.0/download/genbank/GCF_000744225/cluster/13
Saccharopolyspora	spinosa	NRRL 18395	NZ_GL877882.1	33	amglyccycl-nrps hybrid	290690	344835	False	True	Anthramycin	8	BGC0000303_c1	https://antismash-db.secondarymetabolites.org/go/GCF_000194155/33	https://antismash-db.secondarymetabolites.org/api/v1.0/download/genbank/GCF_000194155/cluster/33
Streptomyces	niger	NRRL B-3857	NZ_JOFQ01000026.0	29	amglyccycl	20275	41511	False	True	Acarbose	7	BGC0000691_c1	https://antismash-db.secondarymetabolites.org/go/GCF_000718305/29	https://antismash-db.secondarymetabolites.org/api/v1.0/download/genbank/GCF_000718305/cluster/29
Streptomyces	catenulae	NRRL B-2342	NZ_JODY01000049.0	25	amglyccycl	0	32821	True	True	Paromomycin	47	BGC0000712_c1	https://antismash-db.secondarymetabolites.org/go/GCF_000718015/25	https://antismash-db.secondarymetabolites.org/api/v1.0/download/genbank/GCF_000718015/cluster/25
Streptomyces	achromogenes	NRRL B-2120	NZ_JODT01000002.0	5	amglyccycl-terpene hybrid	287493	328858	False	True	Validamycin	33	BGC0000722_c1	https://antismash-db.secondarymetabolites.org/go/GCF_000720835/5	https://antismash-db.secondarymetabolites.org/api/v1.0/download/genbank/GCF_000720835/cluster/5
Streptomyces	melanosporofaciens	DSM 40318	NZ_FNST01000002.0	1	amglyccycl	64323	85571	False	True	Validamycin	33	BGC0000722_c1	https://antismash-db.secondarymetabolites.org/go/GCF_900105695/1	https://antismash-db.secondarymetabolites.org/api/v1.0/download/genbank/GCF_900105695/cluster/1
Streptomyces	sparsogenes	ATCC 25498	NZ_MAXF01000227.0	47	amglyccycl	12408	33566	False	True	5'-hydroxystreptomycin	77	BGC0000690_c1	https://antismash-db.secondarymetabolites.org/go/GCF_001704635/47	https://antismash-db.secondarymetabolites.org/api/v1.0/download/genbank/GCF_001704635/cluster/47
Streptomyces	varsoviensis	NRRL ISP-5346	NZ_JOBF01000009.0	10	amglyccycl	78576	99755	False	True	None	None	None	https://antismash-db.secondarymetabolites.org/go/GCF_000718635/10	https://antismash-db.secondarymetabolites.org/api/v1.0/download/genbank/GCF_000718635/cluster/10
Streptomyces	varsoviensis	NRRL ISP-5346	NZ_JOBF01000011.0	12	amglyccycl	105989	126817	False	True	HygromycinB	51	BGC0000699_c1	https://antismash-db.secondarymetabolites.org/go/GCF_000718635/12	https://antismash-db.secondarymetabolites.org/api/v1.0/download/genbank/GCF_000718635/cluster/12
Streptomyces	viridosporus	ATCC 14672	NZ_DS999641.1	25	amglyccycl-nrps hybrid	7481919	7534897	False	True	Guadinomine	7	BGC0000998_c1	https://antismash-db.secondarymetabolites.org/go/GCF_000156435/25	https://antismash-db.secondarymetabolites.org/api/v1.0/download/genbank/GCF_000156435/cluster/25
Streptomyces	viridosporus	T7A	NZ_JH993790.1	24	amglyccycl-nrps hybrid	5717465	5770463	False	True	Guadinomine	7	BGC0000998_c1	https://antismash-db.secondarymetabolites.org/go/GCF_000316095/24	https://antismash-db.secondarymetabolites.org/api/v1.0/download/genbank/GCF_000316095/cluster/24
Lechevalieria	aerocolonigenes	NRRL B-16140	NZ_JYJG01000029.0	33	amglyccycl-phosphonate hybrid	70665	117190	True	True	Meilingmycin	5	BGC0000093_c1	https://antismash-db.secondarymetabolites.org/go/GCF_000955955/33	https://antismash-db.secondarymetabolites.org/api/v1.0/download/genbank/GCF_000955955/cluster/33
Lechevalieria	aerocolonigenes	NRRL B-16140	NZ_BBOJ01000005.0	19	amglyccycl	159734	180919	False	True	CetoniacytoneA	9	BGC0000283_c1	https://antismash-db.secondarymetabolites.org/go/GCF_000974445/19	https://antismash-db.secondarymetabolites.org/api/v1.0/download/genbank/GCF_000974445/cluster/19
Streptomyces	longwoodensis	DSM 41677	NZ_KQ948549.1	5	amglyccycl	869319	890576	False	True	CetoniacytoneA	12	BGC0000283_c1	https://antismash-db.secondarymetabolites.org/go/GCF_001514125/5	https://antismash-db.secondarymetabolites.org/api/v1.0/download/genbank/GCF_001514125/cluster/5
Streptomyces	albulus	NK660	NZ_LWBU01000300.0	25	amglyccycl	34173	55271	False	True	Streptomycin	55	BGC0000724_c1	https://antismash-db.secondarymetabolites.org/go/GCF_001646665/25	https://antismash-db.secondarymetabolites.org/api/v1.0/download/genbank/GCF_001646665/cluster/25
Amycolatopsis	coloradensis	DSM 44225	NZ_MQUQ01000004.0	25	amglyccycl-t1pks hybrid	329941	412620	False	True	CetoniacytoneA	45	BGC0000283_c1	https://antismash-db.secondarymetabolites.org/go/GCF_001953865/25	https://antismash-db.secondarymetabolites.org/api/v1.0/download/genbank/GCF_001953865/cluster/25
Cellulomonas	iranensis	NBRC 101100	NZ_BCRB01000001.0	1	amglyccycl	10963	32103	False	True	CetoniacytoneA	6	BGC0000283_c1	https://antismash-db.secondarymetabolites.org/go/GCF_001552375/1	https://antismash-db.secondarymetabolites.org/api/v1.0/download/genbank/GCF_001552375/cluster/1
Paenibacillus	chitinolyticus	NBRC 15660	NZ_BBJT01000002.0	11	amglyccycl	325694	353679	False	True	Butirosin	84	BGC0000693_c1	https://antismash-db.secondarymetabolites.org/go/GCF_000739915/11	https://antismash-db.secondarymetabolites.org/api/v1.0/download/genbank/GCF_000739915/cluster/11
Cystobacter	ferrugineus	Cbfe23	NZ_MPIN01000002.0	4	amglyccycl-t3pks hybrid	56010	105593	False	True	CetoniacytoneA	22	BGC0000283_c1	https://antismash-db.secondarymetabolites.org/go/GCF_001887355/4	https://antismash-db.secondarymetabolites.org/api/v1.0/download/genbank/GCF_001887355/cluster/4
Archangium	violaceum	Cb vi76	NZ_JPMI01000026.0	6	amglyccycl	30256	51435	False	True	CetoniacytoneA	19	BGC0000283_c1	https://antismash-db.secondarymetabolites.org/go/GCF_000733295/6	https://antismash-db.secondarymetabolites.org/api/v1.0/download/genbank/GCF_000733295/cluster/6
Erwinia	toletana	DAPP-PG 735	NZ_KB372803.1	2	amglyccycl	102569	123361	False	True	Spectinomycin	52	BGC0000715_c1	https://antismash-db.secondarymetabolites.org/go/GCF_000336255/2	https://antismash-db.secondarymetabolites.org/api/v1.0/download/genbank/GCF_000336255/cluster/2
Streptomyces	auratus	AGR0001	NZ_JH725387.1	10	amglyccycl	2123052	2144288	False	True	Pyralomicin	11	BGC0001038_c1	https://antismash-db.secondarymetabolites.org/go/GCF_000280865/10	https://antismash-db.secondarymetabolites.org/api/v1.0/download/genbank/GCF_000280865/cluster/10
Nocardia	abscessus	NBRC 100374	NZ_BAFP01000257.0	6	amglyccycl	6629	27856	False	True	Acarbose	7	BGC0000691_c1	https://antismash-db.secondarymetabolites.org/go/GCF_000308455/6	https://antismash-db.secondarymetabolites.org/api/v1.0/download/genbank/GCF_000308455/cluster/6
Micromonospora	pallida	DSM 43817	NZ_FMHW01000002.0	28	amglyccycl	6288732	6309917	False	True	Gentamicin	27	BGC0000696_c1	https://antismash-db.secondarymetabolites.org/go/GCF_900090325/28	https://antismash-db.secondarymetabolites.org/api/v1.0/download/genbank/GCF_900090325/cluster/28
Streptomyces	puniciscabiei	TW1S1	NZ_LIRI01000575.0	25	amglyccycl	0	8265	True	True	Acarbose	7	BGC0000691_c1	https://antismash-db.secondarymetabolites.org/go/GCF_001419685/25	https://antismash-db.secondarymetabolites.org/api/v1.0/download/genbank/GCF_001419685/cluster/25
Salinispora	tropica	CNS416	NZ_KB897155.1	13	amglyccycl	115506	136673	False	True	None	None	None	https://antismash-db.secondarymetabolites.org/go/GCF_000377085/13	https://antismash-db.secondarymetabolites.org/api/v1.0/download/genbank/GCF_000377085/cluster/13
Salinispora	tropica	CNT261	NZ_AUKS01000015.0	12	amglyccycl	144557	165724	False	True	None	None	None	https://antismash-db.secondarymetabolites.org/go/GCF_000424865/12	https://antismash-db.secondarymetabolites.org/api/v1.0/download/genbank/GCF_000424865/cluster/12
Salinispora	tropica	CNS197	NZ_AZWK01000021.0	6	amglyccycl	108468	129635	False	True	None	None	None	https://antismash-db.secondarymetabolites.org/go/GCF_000514695/6	https://antismash-db.secondarymetabolites.org/api/v1.0/download/genbank/GCF_000514695/cluster/6
Salinispora	tropica	CNB536	NZ_KI911525.1	11	amglyccycl	100014	121181	False	True	None	None	None	https://antismash-db.secondarymetabolites.org/go/GCF_000515075/11	https://antismash-db.secondarymetabolites.org/api/v1.0/download/genbank/GCF_000515075/cluster/11
Salinispora	tropica	CNB476	NZ_AZXE01000033.0	15	amglyccycl	11035	32202	False	True	None	None	None	https://antismash-db.secondarymetabolites.org/go/GCF_000515095/15	https://antismash-db.secondarymetabolites.org/api/v1.0/download/genbank/GCF_000515095/cluster/15
Salinispora	tropica	CNH898	NZ_AZXH01000017.0	5	amglyccycl	117180	138347	False	True	None	None	None	https://antismash-db.secondarymetabolites.org/go/GCF_000515155/5	https://antismash-db.secondarymetabolites.org/api/v1.0/download/genbank/GCF_000515155/cluster/5
Salinispora	tropica	CNY012	NZ_JHVV01000015.0	13	amglyccycl	15558	36725	False	True	None	None	None	https://antismash-db.secondarymetabolites.org/go/GCF_000620325/13	https://antismash-db.secondarymetabolites.org/api/v1.0/download/genbank/GCF_000620325/cluster/13
Salinispora	tropica	CNT250	NZ_JHVW01000022.0	12	amglyccycl	15148	36315	False	True	None	None	None	https://antismash-db.secondarymetabolites.org/go/GCF_000620345/12	https://antismash-db.secondarymetabolites.org/api/v1.0/download/genbank/GCF_000620345/cluster/12
Salinispora	arenicola	CNT849	NZ_KB892485.1	23	amglyccycl	108004	129171	False	True	None	None	None	https://antismash-db.secondarymetabolites.org/go/GCF_000373825/23	https://antismash-db.secondarymetabolites.org/api/v1.0/download/genbank/GCF_000373825/cluster/23
Salinispora	arenicola	CNS673	NZ_KB892537.1	17	amglyccycl	113110	134277	False	True	None	None	None	https://antismash-db.secondarymetabolites.org/go/GCF_000373845/17	https://antismash-db.secondarymetabolites.org/api/v1.0/download/genbank/GCF_000373845/cluster/17
Salinispora	arenicola	CNS051	NZ_KB895919.1	14	amglyccycl	31053	52220	False	True	None	None	None	https://antismash-db.secondarymetabolites.org/go/GCF_000375005/14	https://antismash-db.secondarymetabolites.org/api/v1.0/download/genbank/GCF_000375005/cluster/14
Salinispora	arenicola	CNP193	NZ_KB896087.1	14	amglyccycl-ladderane hybrid	36991	107827	False	True	Asukamycin	4	BGC0000187_c1	https://antismash-db.secondarymetabolites.org/go/GCF_000375025/14	https://antismash-db.secondarymetabolites.org/api/v1.0/download/genbank/GCF_000375025/cluster/14
Salinispora	arenicola	CNS744	NZ_KB896162.1	16	amglyccycl	52913	74080	False	True	None	None	None	https://antismash-db.secondarymetabolites.org/go/GCF_000375065/16	https://antismash-db.secondarymetabolites.org/api/v1.0/download/genbank/GCF_000375065/cluster/16
Salinispora	arenicola	CNX481	NZ_KB896260.1	19	amglyccycl	5688	26855	False	True	None	None	None	https://antismash-db.secondarymetabolites.org/go/GCF_000375085/19	https://antismash-db.secondarymetabolites.org/api/v1.0/download/genbank/GCF_000375085/cluster/19
Salinispora	arenicola	CNX814	NZ_KB896330.1	20	amglyccycl	4064	25231	False	True	None	None	None	https://antismash-db.secondarymetabolites.org/go/GCF_000375105/20	https://antismash-db.secondarymetabolites.org/api/v1.0/download/genbank/GCF_000375105/cluster/20
Salinispora	arenicola	CNY231	NZ_KB896473.1	16	amglyccycl	10243	31410	False	True	None	None	None	https://antismash-db.secondarymetabolites.org/go/GCF_000375145/16	https://antismash-db.secondarymetabolites.org/api/v1.0/download/genbank/GCF_000375145/cluster/16
Salinispora	arenicola	CNY256	NZ_KB896540.1	18	amglyccycl	115694	136861	False	True	None	None	None	https://antismash-db.secondarymetabolites.org/go/GCF_000375165/18	https://antismash-db.secondarymetabolites.org/api/v1.0/download/genbank/GCF_000375165/cluster/18
Salinispora	arenicola	CNY260	NZ_KB896725.1	25	amglyccycl	5759	26926	False	True	None	None	None	https://antismash-db.secondarymetabolites.org/go/GCF_000375185/25	https://antismash-db.secondarymetabolites.org/api/v1.0/download/genbank/GCF_000375185/cluster/25
Salinispora	arenicola	CNY280	NZ_KB896615.1	11	amglyccycl-ladderane hybrid	142706	206623	False	True	Asukamycin	4	BGC0000187_c1	https://antismash-db.secondarymetabolites.org/go/GCF_000375205/11	https://antismash-db.secondarymetabolites.org/api/v1.0/download/genbank/GCF_000375205/cluster/11
Salinispora	arenicola	CNY237	NZ_KB896954.1	18	amglyccycl	5757	26924	False	True	None	None	None	https://antismash-db.secondarymetabolites.org/go/GCF_000375305/18	https://antismash-db.secondarymetabolites.org/api/v1.0/download/genbank/GCF_000375305/cluster/18
Salinispora	arenicola	CNH877	NZ_KB900178.1	26	amglyccycl	5951	27118	False	True	None	None	None	https://antismash-db.secondarymetabolites.org/go/GCF_000378645/26	https://antismash-db.secondarymetabolites.org/api/v1.0/download/genbank/GCF_000378645/cluster/26
Salinispora	arenicola	CNH962	NZ_KB900274.1	23	amglyccycl	5686	26853	False	True	None	None	None	https://antismash-db.secondarymetabolites.org/go/GCF_000378665/23	https://antismash-db.secondarymetabolites.org/api/v1.0/download/genbank/GCF_000378665/cluster/23
Salinispora	arenicola	CNR107	NZ_KB900321.1	6	amglyccycl	59432	80599	False	True	None	None	None	https://antismash-db.secondarymetabolites.org/go/GCF_000378685/6	https://antismash-db.secondarymetabolites.org/api/v1.0/download/genbank/GCF_000378685/cluster/6
Salinispora	arenicola	CNY234	NZ_KB905509.1	18	amglyccycl	113392	134559	False	True	None	None	None	https://antismash-db.secondarymetabolites.org/go/GCF_000380945/18	https://antismash-db.secondarymetabolites.org/api/v1.0/download/genbank/GCF_000380945/cluster/18
Salinispora	arenicola	CNS-991	NZ_KB913036.1	7	amglyccycl	1256311	1277478	False	True	None	None	None	https://antismash-db.secondarymetabolites.org/go/GCF_000384275/7	https://antismash-db.secondarymetabolites.org/api/v1.0/download/genbank/GCF_000384275/cluster/7
Salinispora	arenicola	CNS299	NZ_AUKM01000044.0	30	amglyccycl	5603	26770	False	True	None	None	None	https://antismash-db.secondarymetabolites.org/go/GCF_000424745/30	https://antismash-db.secondarymetabolites.org/api/v1.0/download/genbank/GCF_000424745/cluster/30
Salinispora	arenicola	CNS243	NZ_AUKT01000031.0	25	amglyccycl	8217	29384	False	True	None	None	None	https://antismash-db.secondarymetabolites.org/go/GCF_000424885/25	https://antismash-db.secondarymetabolites.org/api/v1.0/download/genbank/GCF_000424885/cluster/25
Salinispora	arenicola	CNR425	NZ_AXVS01000016.0	16	amglyccycl	71319	92486	False	True	None	None	None	https://antismash-db.secondarymetabolites.org/go/GCF_000482565/16	https://antismash-db.secondarymetabolites.org/api/v1.0/download/genbank/GCF_000482565/cluster/16
Salinispora	arenicola	CNT799	NZ_AZVD01000004.0	7	amglyccycl	108514	129681	False	True	None	None	None	https://antismash-db.secondarymetabolites.org/go/GCF_000514035/7	https://antismash-db.secondarymetabolites.org/api/v1.0/download/genbank/GCF_000514035/cluster/7
Salinispora	arenicola	CNX482	NZ_AZWD01000030.0	13	amglyccycl	1353	22520	False	True	None	None	None	https://antismash-db.secondarymetabolites.org/go/GCF_000514555/13	https://antismash-db.secondarymetabolites.org/api/v1.0/download/genbank/GCF_000514555/cluster/13
Salinispora	arenicola	CNR921	NZ_KI911432.1	1	amglyccycl-ladderane hybrid	398700	454942	False	True	Asukamycin	4	BGC0000187_c1	https://antismash-db.secondarymetabolites.org/go/GCF_000514595/1	https://antismash-db.secondarymetabolites.org/api/v1.0/download/genbank/GCF_000514595/cluster/1
Salinispora	arenicola	CNH646	NZ_AZWH01000009.0	26	amglyccycl	34966	56133	False	True	None	None	None	https://antismash-db.secondarymetabolites.org/go/GCF_000514635/26	https://antismash-db.secondarymetabolites.org/api/v1.0/download/genbank/GCF_000514635/cluster/26
Salinispora	arenicola	CNB458	NZ_AZWI01000037.0	22	amglyccycl	35751	51324	True	True	None	None	None	https://antismash-db.secondarymetabolites.org/go/GCF_000514655/22	https://antismash-db.secondarymetabolites.org/api/v1.0/download/genbank/GCF_000514655/cluster/22
Salinispora	arenicola	CNX508	NZ_AZWT01000036.0	17	amglyccycl	24597	45764	False	True	None	None	None	https://antismash-db.secondarymetabolites.org/go/GCF_000514875/17	https://antismash-db.secondarymetabolites.org/api/v1.0/download/genbank/GCF_000514875/cluster/17
Salinispora	arenicola	CNT005	NZ_AZWU01000017.0	9	amglyccycl	52680	73847	False	True	None	None	None	https://antismash-db.secondarymetabolites.org/go/GCF_000514895/9	https://antismash-db.secondarymetabolites.org/api/v1.0/download/genbank/GCF_000514895/cluster/9
Salinispora	arenicola	CNX891	NZ_AZWW01000027.0	12	amglyccycl	9285	30452	False	True	None	None	None	https://antismash-db.secondarymetabolites.org/go/GCF_000514935/12	https://antismash-db.secondarymetabolites.org/api/v1.0/download/genbank/GCF_000514935/cluster/12
Salinispora	arenicola	CNT857	NZ_AZWX01000028.0	16	amglyccycl	42002	63169	False	True	None	None	None	https://antismash-db.secondarymetabolites.org/go/GCF_000514955/16	https://antismash-db.secondarymetabolites.org/api/v1.0/download/genbank/GCF_000514955/cluster/16
Salinispora	arenicola	CNQ748	NZ_AZWY01000032.0	13	amglyccycl	4712	25879	False	True	None	None	None	https://antismash-db.secondarymetabolites.org/go/GCF_000514975/13	https://antismash-db.secondarymetabolites.org/api/v1.0/download/genbank/GCF_000514975/cluster/13
Salinispora	arenicola	CNH905	NZ_AZXB01000034.0	21	amglyccycl-ladderane hybrid	8616	57773	True	True	Asukamycin	4	BGC0000187_c1	https://antismash-db.secondarymetabolites.org/go/GCF_000515035/21	https://antismash-db.secondarymetabolites.org/api/v1.0/download/genbank/GCF_000515035/cluster/21
Salinispora	arenicola	CNB527	NZ_AZXI01000043.0	21	amglyccycl	15339	36506	False	True	None	None	None	https://antismash-db.secondarymetabolites.org/go/GCF_000515175/21	https://antismash-db.secondarymetabolites.org/api/v1.0/download/genbank/GCF_000515175/cluster/21
Amycolatopsis	decaplanina	DSM 44594	NZ_AOHO01000012.0	1	amglyccycl	7766	29041	False	True	None	None	None	https://antismash-db.secondarymetabolites.org/go/GCF_000342005/1	https://antismash-db.secondarymetabolites.org/api/v1.0/download/genbank/GCF_000342005/cluster/1
Amycolatopsis	decaplanina	DSM 44594	NZ_AOHO01000058.0	19	amglyccycl-otherks hybrid	329286	374480	True	True	CetoniacytoneA	38	BGC0000283_c1	https://antismash-db.secondarymetabolites.org/go/GCF_000342005/19	https://antismash-db.secondarymetabolites.org/api/v1.0/download/genbank/GCF_000342005/cluster/19
Micromonospora	eburnea	DSM 44814	NZ_FMHY01000002.0	17	amglyccycl-nrps-oligosaccharide-otherks-t1pks hybrid	4710525	4897818	False	True	Chlorothricin	60	BGC0000036_c1	https://antismash-db.secondarymetabolites.org/go/GCF_900090225/17	https://antismash-db.secondarymetabolites.org/api/v1.0/download/genbank/GCF_900090225/cluster/17
Nocardia	shimofusensis	NBRC 100134	NZ_BDBT01000002.0	2	amglyccycl-otherks hybrid	159223	201493	False	True	Meridamycin	10	BGC0001011_c1	https://antismash-db.secondarymetabolites.org/go/GCF_001613125/2	https://antismash-db.secondarymetabolites.org/api/v1.0/download/genbank/GCF_001613125/cluster/2
Nocardiopsis	gilva	YIM 90087	NZ_ANBG01000289.0	11	amglyccycl	14318	31512	True	True	None	None	None	https://antismash-db.secondarymetabolites.org/go/GCF_000341165/11	https://antismash-db.secondarymetabolites.org/api/v1.0/download/genbank/GCF_000341165/cluster/11
Streptomyces	luteocolor	NBRC 13826	NZ_BDGW01000065.0	35	amglyccycl-butyrolactone-nrps-otherks-t1pks-transatpks hybrid	0	47032	True	True	SalinosporamideA	23	BGC0000145_c1	https://antismash-db.secondarymetabolites.org/go/GCF_001748305/35	https://antismash-db.secondarymetabolites.org/api/v1.0/download/genbank/GCF_001748305/cluster/35
Streptomyces	xylophagus	NRRL B-12029	NZ_JNWO01000006.0	14	amglyccycl-butyrolactone hybrid	291603	324873	False	True	CetoniacytoneA	9	BGC0000283_c1	https://antismash-db.secondarymetabolites.org/go/GCF_000716435/14	https://antismash-db.secondarymetabolites.org/api/v1.0/download/genbank/GCF_000716435/cluster/14
Photorhabdus	australis	DSM 17609	NZ_JONO01000064.0	16	amglyccycl	4204	24795	True	True	Lividomycin	13	BGC0000708_c1	https://antismash-db.secondarymetabolites.org/go/GCF_000711895/16	https://antismash-db.secondarymetabolites.org/api/v1.0/download/genbank/GCF_000711895/cluster/16
Xenorhabdus	szentirmaii	DSM 16338	NZ_CBXF010000108.0	21	amglyccycl	0	18765	True	True	Lividomycin	13	BGC0000708_c1	https://antismash-db.secondarymetabolites.org/go/GCF_000531455/21	https://antismash-db.secondarymetabolites.org/api/v1.0/download/genbank/GCF_000531455/cluster/21
Rhodococcus	triatomae	DSM 44892	NZ_FNDN01000004.0	9	amglyccycl-otherks hybrid	0	34315	True	True	Acarbose	7	BGC0000691_c1	https://antismash-db.secondarymetabolites.org/go/GCF_900099725/9	https://antismash-db.secondarymetabolites.org/api/v1.0/download/genbank/GCF_900099725/cluster/9
Chroogloeocystis	siderophila	5.2 s.c.1	NZ_MRCC01000003.0	4	amglyccycl	289364	310510	False	True	None	None	None	https://antismash-db.secondarymetabolites.org/go/GCF_001904655/4	https://antismash-db.secondarymetabolites.org/api/v1.0/download/genbank/GCF_001904655/cluster/4
Amycolatopsis	jejuensis	NRRL B-24427	NZ_JNYZ01000008.0	7	amglyccycl	10407	31673	False	True	Akaeolide	8	BGC0001199_c1	https://antismash-db.secondarymetabolites.org/go/GCF_000717335/7	https://antismash-db.secondarymetabolites.org/api/v1.0/download/genbank/GCF_000717335/cluster/7
Salinispora	pacifica	CNR942	NZ_KB894863.1	15	amglyccycl-lantipeptide hybrid	47894	95639	False	True	None	None	None	https://antismash-db.secondarymetabolites.org/go/GCF_000374665/15	https://antismash-db.secondarymetabolites.org/api/v1.0/download/genbank/GCF_000374665/cluster/15
Salinispora	pacifica	CNS055	NZ_KB894962.1	5	amglyccycl	365255	386422	False	True	None	None	None	https://antismash-db.secondarymetabolites.org/go/GCF_000374685/5	https://antismash-db.secondarymetabolites.org/api/v1.0/download/genbank/GCF_000374685/cluster/5
Salinispora	pacifica	CNS996	NZ_KB895136.1	23	amglyccycl	22396	41915	True	True	None	None	None	https://antismash-db.secondarymetabolites.org/go/GCF_000374745/23	https://antismash-db.secondarymetabolites.org/api/v1.0/download/genbank/GCF_000374745/cluster/23
Salinispora	pacifica	CNT045	NZ_KB895208.1	4	amglyccycl	22128	43295	False	True	None	None	None	https://antismash-db.secondarymetabolites.org/go/GCF_000374765/4	https://antismash-db.secondarymetabolites.org/api/v1.0/download/genbank/GCF_000374765/cluster/4
Salinispora	pacifica	CNT124	NZ_KB895316.1	17	amglyccycl	3450	24617	False	True	None	None	None	https://antismash-db.secondarymetabolites.org/go/GCF_000374785/17	https://antismash-db.secondarymetabolites.org/api/v1.0/download/genbank/GCF_000374785/cluster/17
Salinispora	pacifica	CNQ768	NZ_KB904831.1	9	amglyccycl	83094	104261	False	True	None	None	None	https://antismash-db.secondarymetabolites.org/go/GCF_000375225/9	https://antismash-db.secondarymetabolites.org/api/v1.0/download/genbank/GCF_000375225/cluster/9
Salinispora	pacifica	CNT584	NZ_KB896793.1	17	amglyccycl	25213	46380	False	True	None	None	None	https://antismash-db.secondarymetabolites.org/go/GCF_000375245/17	https://antismash-db.secondarymetabolites.org/api/v1.0/download/genbank/GCF_000375245/cluster/17
Salinispora	pacifica	CNT609	NZ_KB904943.1	20	amglyccycl	40425	61592	False	True	None	None	None	https://antismash-db.secondarymetabolites.org/go/GCF_000375265/20	https://antismash-db.secondarymetabolites.org/api/v1.0/download/genbank/GCF_000375265/cluster/20
Salinispora	pacifica	CNY330	NZ_KB897018.1	8	amglyccycl	40828	61995	False	True	None	None	None	https://antismash-db.secondarymetabolites.org/go/GCF_000377025/8	https://antismash-db.secondarymetabolites.org/api/v1.0/download/genbank/GCF_000377025/cluster/8
Salinispora	pacifica	DSM 45548	NZ_KB900388.1	4	amglyccycl	1021509	1042676	False	True	None	None	None	https://antismash-db.secondarymetabolites.org/go/GCF_000378825/4	https://antismash-db.secondarymetabolites.org/api/v1.0/download/genbank/GCF_000378825/cluster/4
Salinispora	pacifica	DSM 45544	NZ_KB905359.1	6	amglyccycl	543439	564606	False	True	None	None	None	https://antismash-db.secondarymetabolites.org/go/GCF_000378845/6	https://antismash-db.secondarymetabolites.org/api/v1.0/download/genbank/GCF_000378845/cluster/6
Salinispora	pacifica	DSM 45549	NZ_KB900614.1	14	amglyccycl	4977772	4998939	False	True	None	None	None	https://antismash-db.secondarymetabolites.org/go/GCF_000379065/14	https://antismash-db.secondarymetabolites.org/api/v1.0/download/genbank/GCF_000379065/cluster/14
Salinispora	pacifica	DSM 45547	NZ_KB911579.1	16	amglyccycl	4804986	4826153	False	True	None	None	None	https://antismash-db.secondarymetabolites.org/go/GCF_000383575/16	https://antismash-db.secondarymetabolites.org/api/v1.0/download/genbank/GCF_000383575/cluster/16
Salinispora	pacifica	DSM 45543	NZ_KB913022.1	10	amglyccycl	2665945	2687112	False	True	None	None	None	https://antismash-db.secondarymetabolites.org/go/GCF_000383995/10	https://antismash-db.secondarymetabolites.org/api/v1.0/download/genbank/GCF_000383995/cluster/10
Salinispora	pacifica	CNS237	NZ_AUGH01000032.0	16	amglyccycl	9288	24995	True	True	None	None	None	https://antismash-db.secondarymetabolites.org/go/GCF_000424905/16	https://antismash-db.secondarymetabolites.org/api/v1.0/download/genbank/GCF_000424905/cluster/16
Salinispora	pacifica	CNY239	NZ_KE384276.1	6	amglyccycl	18921	40088	False	True	None	None	None	https://antismash-db.secondarymetabolites.org/go/GCF_000424925/6	https://antismash-db.secondarymetabolites.org/api/v1.0/download/genbank/GCF_000424925/cluster/6
Salinispora	pacifica	CNY202	NZ_AXVR01000044.0	15	amglyccycl	17269	38436	False	True	None	None	None	https://antismash-db.secondarymetabolites.org/go/GCF_000484695/15	https://antismash-db.secondarymetabolites.org/api/v1.0/download/genbank/GCF_000484695/cluster/15
Salinispora	pacifica	CNT603	NZ_AZVW01000002.0	3	amglyccycl	332366	353533	False	True	None	None	None	https://antismash-db.secondarymetabolites.org/go/GCF_000514415/3	https://antismash-db.secondarymetabolites.org/api/v1.0/download/genbank/GCF_000514415/cluster/3
Salinispora	pacifica	CNT131	NZ_AZVZ01000002.0	3	amglyccycl	214366	235533	False	True	None	None	None	https://antismash-db.secondarymetabolites.org/go/GCF_000514475/3	https://antismash-db.secondarymetabolites.org/api/v1.0/download/genbank/GCF_000514475/cluster/3
Salinispora	pacifica	CNT084	NZ_AZWA01000031.0	14	amglyccycl	3580	24747	False	True	None	None	None	https://antismash-db.secondarymetabolites.org/go/GCF_000514495/14	https://antismash-db.secondarymetabolites.org/api/v1.0/download/genbank/GCF_000514495/cluster/14
Salinispora	pacifica	CNT029	NZ_KI911412.1	6	amglyccycl	613308	634475	False	True	None	None	None	https://antismash-db.secondarymetabolites.org/go/GCF_000514515/6	https://antismash-db.secondarymetabolites.org/api/v1.0/download/genbank/GCF_000514515/cluster/6
Salinispora	pacifica	CNT001	NZ_AZWC01000001.0	1	amglyccycl	58175	79342	False	True	None	None	None	https://antismash-db.secondarymetabolites.org/go/GCF_000514535/1	https://antismash-db.secondarymetabolites.org/api/v1.0/download/genbank/GCF_000514535/cluster/1
Salinispora	pacifica	CNT003	NZ_KI911430.1	9	amglyccycl	22308	43475	False	True	None	None	None	https://antismash-db.secondarymetabolites.org/go/GCF_000514575/9	https://antismash-db.secondarymetabolites.org/api/v1.0/download/genbank/GCF_000514575/cluster/9
Salinispora	pacifica	CNT796	NZ_AZWM01000025.0	12	amglyccycl	31892	53059	False	True	None	None	None	https://antismash-db.secondarymetabolites.org/go/GCF_000514735/12	https://antismash-db.secondarymetabolites.org/api/v1.0/download/genbank/GCF_000514735/cluster/12
Salinispora	pacifica	CNR894	NZ_KI911464.1	1	amglyccycl	39373	60540	False	True	None	None	None	https://antismash-db.secondarymetabolites.org/go/GCF_000514755/1	https://antismash-db.secondarymetabolites.org/api/v1.0/download/genbank/GCF_000514755/cluster/1
Salinispora	pacifica	CNR114	NZ_KI911467.1	3	amglyccycl	325655	346822	False	True	None	None	None	https://antismash-db.secondarymetabolites.org/go/GCF_000514775/3	https://antismash-db.secondarymetabolites.org/api/v1.0/download/genbank/GCF_000514775/cluster/3
Salinispora	pacifica	CNS103	NZ_AZWP01000021.0	6	amglyccycl	18804	39971	False	True	None	None	None	https://antismash-db.secondarymetabolites.org/go/GCF_000514795/6	https://antismash-db.secondarymetabolites.org/api/v1.0/download/genbank/GCF_000514795/cluster/6
Salinispora	pacifica	CNT569	NZ_AZWQ01000024.0	11	amglyccycl-lantipeptide hybrid	84682	129994	True	True	None	None	None	https://antismash-db.secondarymetabolites.org/go/GCF_000514815/11	https://antismash-db.secondarymetabolites.org/api/v1.0/download/genbank/GCF_000514815/cluster/11
Salinispora	pacifica	CNT854	NZ_AZWR01000040.0	15	amglyccycl	3996	25163	False	True	None	None	None	https://antismash-db.secondarymetabolites.org/go/GCF_000514835/15	https://antismash-db.secondarymetabolites.org/api/v1.0/download/genbank/GCF_000514835/cluster/15
Salinispora	pacifica	CNT855	NZ_AZWS01000001.0	1	amglyccycl	99152	120319	False	True	None	None	None	https://antismash-db.secondarymetabolites.org/go/GCF_000514855/1	https://antismash-db.secondarymetabolites.org/api/v1.0/download/genbank/GCF_000514855/cluster/1
Streptacidiphilus	rugosus	AM-16	NZ_JQMJ01000004.0	13	amglyccycl	2367232	2388435	False	True	CetoniacytoneA	9	BGC0000283_c1	https://antismash-db.secondarymetabolites.org/go/GCF_000744655/13	https://antismash-db.secondarymetabolites.org/api/v1.0/download/genbank/GCF_000744655/cluster/13
Saccharopolyspora	jiangxiensis	CGMCC 4.3529	NZ_FOME01000001.0	6	amglyccycl	1290848	1312039	False	True	CetoniacytoneA	45	BGC0000283_c1	https://antismash-db.secondarymetabolites.org/go/GCF_900112555/6	https://antismash-db.secondarymetabolites.org/api/v1.0/download/genbank/GCF_900112555/cluster/6
Saccharopolyspora	antimicrobica	CPCC 201259	NZ_FOUP01000002.0	4	amglyccycl	343852	365043	False	True	CetoniacytoneA	45	BGC0000283_c1	https://antismash-db.secondarymetabolites.org/go/GCF_900114905/4	https://antismash-db.secondarymetabolites.org/api/v1.0/download/genbank/GCF_900114905/cluster/4
Nocardia	altamirensis	NBRC 108246	NZ_BDAY01000049.0	39	amglyccycl	33267	54482	False	True	CetoniacytoneA	9	BGC0000283_c1	https://antismash-db.secondarymetabolites.org/go/GCF_001612685/39	https://antismash-db.secondarymetabolites.org/api/v1.0/download/genbank/GCF_001612685/cluster/39
Streptomyces	nanshensis	SCSIO M10372	NZ_LJGZ01000006.0	15	amglyccycl	57054	77361	True	True	Acarbose	14	BGC0000691_c1	https://antismash-db.secondarymetabolites.org/go/GCF_001751305/15	https://antismash-db.secondarymetabolites.org/api/v1.0/download/genbank/GCF_001751305/cluster/15
Streptomyces	silaceus	ACCC40021	NZ_LIRJ01000064.0	48	amglyccycl	0	4162	True	True	CetoniacytoneA	6	BGC0000283_c1	https://antismash-db.secondarymetabolites.org/go/GCF_001419745/48	https://antismash-db.secondarymetabolites.org/api/v1.0/download/genbank/GCF_001419745/cluster/48
Amycolatopsis	regifaucium	DSM 45072	NZ_FOPQ01000004.0	16	amglyccycl	568495	589767	False	True	Kedarcidin	1	BGC0000081_c1	https://antismash-db.secondarymetabolites.org/go/GCF_900113515/16	https://antismash-db.secondarymetabolites.org/api/v1.0/download/genbank/GCF_900113515/cluster/16
Propionibacterium	acidifaciens	DSM 21887	NZ_AUFR01000057.0	12	amglyccycl-otherks hybrid	0	6438	True	True	None	None	None	https://antismash-db.secondarymetabolites.org/go/GCF_000426605/12	https://antismash-db.secondarymetabolites.org/api/v1.0/download/genbank/GCF_000426605/cluster/12
Frankia	Unclassified	AvcI1	NZ_LJFZ01000020.0	12	amglyccycl	35054	86773	False	True	CetoniacytoneA	38	BGC0000283_c1	https://antismash-db.secondarymetabolites.org/go/GCF_001420875/12	https://antismash-db.secondarymetabolites.org/api/v1.0/download/genbank/GCF_001420875/cluster/12
Streptomyces	Unclassified	FXJ7.023	NZ_APIV01000002.0	6	amglyccycl	409641	430880	False	True	Validamycin	22	BGC0000722_c1	https://antismash-db.secondarymetabolites.org/go/GCF_000404005/6	https://antismash-db.secondarymetabolites.org/api/v1.0/download/genbank/GCF_000404005/cluster/6
Streptomyces	Unclassified	AA4	NZ_GG657746.1	11	amglyccycl-nrps hybrid	2681400	2773106	False	True	Amychelin	100	BGC0000300_c1	https://antismash-db.secondarymetabolites.org/go/GCF_000158875/11	https://antismash-db.secondarymetabolites.org/api/v1.0/download/genbank/GCF_000158875/cluster/11
Lentzea	jiangxiensis	CGMCC 4.6609	NZ_FNIX01000003.0	28	amglyccycl-nrps-otherks-t1pks hybrid	591504	700597	True	True	Nystatin-likePseudonocardiapolyene	8	BGC0000116_c1	https://antismash-db.secondarymetabolites.org/go/GCF_900104175/28	https://antismash-db.secondarymetabolites.org/api/v1.0/download/genbank/GCF_900104175/cluster/28
Actinopolyspora	alba	DSM 45004	NZ_FOMZ01000010.0	3	amglyccycl	39111	60341	False	True	Pyralomicin	18	BGC0001038_c1	https://antismash-db.secondarymetabolites.org/go/GCF_900112765/3	https://antismash-db.secondarymetabolites.org/api/v1.0/download/genbank/GCF_900112765/cluster/3
Micromonospora	haikouensis	DSM 45626	NZ_FMCW01000031.0	9	amglyccycl	34383	55550	False	True	None	None	None	https://antismash-db.secondarymetabolites.org/go/GCF_900091595/9	https://antismash-db.secondarymetabolites.org/api/v1.0/download/genbank/GCF_900091595/cluster/9
Micromonospora	haikouensis	DSM 45626	NZ_FMCW01000007.0	36	amglyccycl	60550	81648	False	True	Validamycin	22	BGC0000722_c1	https://antismash-db.secondarymetabolites.org/go/GCF_900091595/36	https://antismash-db.secondarymetabolites.org/api/v1.0/download/genbank/GCF_900091595/cluster/36
Photorhabdus	heterorhabditis	VMG	NZ_LJCS01000023.0	12	amglyccycl-nrps-t1pks hybrid	0	56281	True	True	Yersiniabactin	5	BGC0001055_c1	https://antismash-db.secondarymetabolites.org/go/GCF_001280945/12	https://antismash-db.secondarymetabolites.org/api/v1.0/download/genbank/GCF_001280945/cluster/12
Actinopolyspora	righensis	DSM 45501	NZ_FPAT01000002.0	8	amglyccycl	525072	546302	False	True	Pyralomicin	18	BGC0001038_c1	https://antismash-db.secondarymetabolites.org/go/GCF_900116555/8	https://antismash-db.secondarymetabolites.org/api/v1.0/download/genbank/GCF_900116555/cluster/8
Paenibacillus	Unclassified	HGH0039	NZ_KE150412.1	2	amglyccycl	208586	236570	False	True	Butirosin	88	BGC0000693_c1	https://antismash-db.secondarymetabolites.org/go/GCF_000411255/2	https://antismash-db.secondarymetabolites.org/api/v1.0/download/genbank/GCF_000411255/cluster/2
Streptomyces	Unclassified	MnatMP-M77	NZ_FLTQ01000005.0	6	amglyccycl	246855	270447	False	True	Streptomycin	26	BGC0000717_c1	https://antismash-db.secondarymetabolites.org/go/GCF_900090075/6	https://antismash-db.secondarymetabolites.org/api/v1.0/download/genbank/GCF_900090075/cluster/6
Chromobacterium	vaccinii	21-1	NZ_JZJJ01000038.0	8	amglyccycl	0	17061	True	True	Pyralomicin	11	BGC0001038_c1	https://antismash-db.secondarymetabolites.org/go/GCF_000971355/8	https://antismash-db.secondarymetabolites.org/api/v1.0/download/genbank/GCF_000971355/cluster/8
Rhodococcus	Unclassified	29MFTsu3.1	NZ_KB907587.1	18	amglyccycl-otherks hybrid	33118	65656	True	True	Fengycin	13	BGC0001095_c1	https://antismash-db.secondarymetabolites.org/go/GCF_000382105/18	https://antismash-db.secondarymetabolites.org/api/v1.0/download/genbank/GCF_000382105/cluster/18
Streptomyces	Unclassified	PsTaAH-124	NZ_KB892161.1	9	amglyccycl	205751	277366	False	True	HygromycinB	60	BGC0000699_c1	https://antismash-db.secondarymetabolites.org/go/GCF_000373685/9	https://antismash-db.secondarymetabolites.org/api/v1.0/download/genbank/GCF_000373685/cluster/9
Streptomyces	Unclassified	FxanaC1	NZ_AQWO01000031.0	26	amglyccycl-terpene hybrid	20571	53019	False	True	Streptomycin	19	BGC0000717_c1	https://antismash-db.secondarymetabolites.org/go/GCF_000375625/26	https://antismash-db.secondarymetabolites.org/api/v1.0/download/genbank/GCF_000375625/cluster/26
Nocardia	Unclassified	CNY236	NZ_AXVD01000010.0	11	amglyccycl-nrps-otherks hybrid	0	100310	True	True	Coelibactin	45	BGC0000324_c1	https://antismash-db.secondarymetabolites.org/go/GCF_000482385/11	https://antismash-db.secondarymetabolites.org/api/v1.0/download/genbank/GCF_000482385/cluster/11
Streptomyces	Unclassified	CNB091	NZ_KB898997.1	21	amglyccycl	217506	251355	False	True	Neomycin	50	BGC0000709_c1	https://antismash-db.secondarymetabolites.org/go/GCF_000377965/21	https://antismash-db.secondarymetabolites.org/api/v1.0/download/genbank/GCF_000377965/cluster/21
Streptomyces	Unclassified	CNY228	NZ_KB898229.1	15	amglyccycl-butyrolactone-otherks hybrid	8852	70897	False	True	Pactamycin	22	BGC0000119_c1	https://antismash-db.secondarymetabolites.org/go/GCF_000377545/15	https://antismash-db.secondarymetabolites.org/api/v1.0/download/genbank/GCF_000377545/cluster/15
Rhodococcus	Unclassified	114MFTsu3.1	NZ_KB911563.1	17	amglyccycl-otherks hybrid	12098	54362	False	True	Fengycin	13	BGC0001095_c1	https://antismash-db.secondarymetabolites.org/go/GCF_000383555/17	https://antismash-db.secondarymetabolites.org/api/v1.0/download/genbank/GCF_000383555/cluster/17
Streptomyces	Unclassified	ERV7	NZ_LYOY01000102.0	32	amglyccycl-otherks hybrid	0	14736	True	True	CetoniacytoneA	12	BGC0000283_c1	https://antismash-db.secondarymetabolites.org/go/GCF_001653515/32	https://antismash-db.secondarymetabolites.org/api/v1.0/download/genbank/GCF_001653515/cluster/32
Cellulomonas	Unclassified	FA1	NZ_LBMY01000001.0	2	amglyccycl	278004	299144	False	True	CetoniacytoneA	6	BGC0000283_c1	https://antismash-db.secondarymetabolites.org/go/GCF_000986825/2	https://antismash-db.secondarymetabolites.org/api/v1.0/download/genbank/GCF_000986825/cluster/2
Streptomyces	Unclassified	MMG1533	NZ_LGDG01000232.0	17	amglyccycl-butyrolactone-phosphonate hybrid	0	54100	True	True	Neocarzinostatin	4	BGC0000112_c1	https://antismash-db.secondarymetabolites.org/go/GCF_001279775/17	https://antismash-db.secondarymetabolites.org/api/v1.0/download/genbank/GCF_001279775/cluster/17
Streptomyces	Unclassified	WM6372	NZ_LGDB01000058.0	7	amglyccycl	123210	138709	True	True	Acarbose	10	BGC0000691_c1	https://antismash-db.secondarymetabolites.org/go/GCF_001279655/7	https://antismash-db.secondarymetabolites.org/api/v1.0/download/genbank/GCF_001279655/cluster/7
Streptomyces	Unclassified	XY152	NZ_LGDQ01000002.0	4	amglyccycl	3527	24763	False	True	CetoniacytoneA	12	BGC0000283_c1	https://antismash-db.secondarymetabolites.org/go/GCF_001279455/4	https://antismash-db.secondarymetabolites.org/api/v1.0/download/genbank/GCF_001279455/cluster/4
Streptomyces	humi	MUSC 119	NZ_LBMU02000002.0	13	amglyccycl-siderophore hybrid	20733	50040	False	True	CetoniacytoneA	16	BGC0000283_c1	https://antismash-db.secondarymetabolites.org/go/GCF_001005085/13	https://antismash-db.secondarymetabolites.org/api/v1.0/download/genbank/GCF_001005085/cluster/13
Streptomyces	leeuwenhoekii	C34 (= DSM 42122 = NRRL B-24963)	NZ_LFEH01000048.0	30	amglyccycl	0	15676	True	True	Acarbose	14	BGC0000691_c1	https://antismash-db.secondarymetabolites.org/go/GCF_001047315/30	https://antismash-db.secondarymetabolites.org/api/v1.0/download/genbank/GCF_001047315/cluster/30
Streptomyces	Unclassified	NRRL F-2305	NZ_JOFW01000026.0	21	amglyccycl	3507	24743	False	True	CetoniacytoneA	12	BGC0000283_c1	https://antismash-db.secondarymetabolites.org/go/GCF_000718375/21	https://antismash-db.secondarymetabolites.org/api/v1.0/download/genbank/GCF_000718375/cluster/21
Streptomyces	Unclassified	NRRL F-5065	NZ_JOHV01000018.0	12	amglyccycl	112193	145616	False	True	Neomycin	52	BGC0000709_c1	https://antismash-db.secondarymetabolites.org/go/GCF_000719815/12	https://antismash-db.secondarymetabolites.org/api/v1.0/download/genbank/GCF_000719815/cluster/12
Streptomyces	Unclassified	NRRL F-6131	NZ_JOHN01000020.0	20	amglyccycl	105418	116862	True	True	None	None	None	https://antismash-db.secondarymetabolites.org/go/GCF_000719695/20	https://antismash-db.secondarymetabolites.org/api/v1.0/download/genbank/GCF_000719695/cluster/20
Streptomyces	Unclassified	NRRL S-1022	NZ_JOIU01000021.0	25	amglyccycl	107306	128548	False	True	Pyralomicin	14	BGC0001038_c1	https://antismash-db.secondarymetabolites.org/go/GCF_000720135/25	https://antismash-db.secondarymetabolites.org/api/v1.0/download/genbank/GCF_000720135/cluster/25
Streptomyces	Unclassified	NRRL S-1868	NZ_JOGD01000047.0	24	amglyccycl	4119	25358	False	True	Pyralomicin	11	BGC0001038_c1	https://antismash-db.secondarymetabolites.org/go/GCF_000721305/24	https://antismash-db.secondarymetabolites.org/api/v1.0/download/genbank/GCF_000721305/cluster/24
Streptomyces	Unclassified	NRRL S-244	NZ_JOCX01000013.0	14	amglyccycl	64483	85725	False	True	Acarbose	10	BGC0000691_c1	https://antismash-db.secondarymetabolites.org/go/GCF_000717915/14	https://antismash-db.secondarymetabolites.org/api/v1.0/download/genbank/GCF_000717915/cluster/14
Streptomyces	Unclassified	NRRL WC-3719	NZ_JOCD01000042.0	13	amglyccycl	0	11254	True	True	Neomycin	26	BGC0000709_c1	https://antismash-db.secondarymetabolites.org/go/GCF_000725715/13	https://antismash-db.secondarymetabolites.org/api/v1.0/download/genbank/GCF_000725715/cluster/13
Streptomyces	Unclassified	NRRL WC-3719	NZ_JOCD01000129.0	22	amglyccycl	0	15767	True	True	Neomycin	47	BGC0000711_c1	https://antismash-db.secondarymetabolites.org/go/GCF_000725715/22	https://antismash-db.secondarymetabolites.org/api/v1.0/download/genbank/GCF_000725715/cluster/22
Streptomyces	thermoautotrophicus	UBT1	NZ_JYIJ01000014.0	8	amglyccycl-otherks hybrid	213291	259058	False	True	CetoniacytoneA	9	BGC0000283_c1	https://antismash-db.secondarymetabolites.org/go/GCF_001543895/8	https://antismash-db.secondarymetabolites.org/api/v1.0/download/genbank/GCF_001543895/cluster/8
Streptomyces	thermoautotrophicus	UBT1	NZ_LAXD01000001.0	3	amglyccycl-otherks hybrid	2343864	2389631	False	True	CetoniacytoneA	16	BGC0000283_c1	https://antismash-db.secondarymetabolites.org/go/GCF_001543925/3	https://antismash-db.secondarymetabolites.org/api/v1.0/download/genbank/GCF_001543925/cluster/3
Streptomyces	Unclassified	NRRL B-1347	NZ_JOJM01000013.0	17	amglyccycl-nrps hybrid	0	57857	True	True	Spectinomycin	100	BGC0000715_c1	https://antismash-db.secondarymetabolites.org/go/GCF_000720325/17	https://antismash-db.secondarymetabolites.org/api/v1.0/download/genbank/GCF_000720325/cluster/17
Streptomyces	Unclassified	MBT76	NZ_LNBE01000003.0	23	amglyccycl	1332584	1353814	False	True	None	None	None	https://antismash-db.secondarymetabolites.org/go/GCF_001445655/23	https://antismash-db.secondarymetabolites.org/api/v1.0/download/genbank/GCF_001445655/cluster/23
Streptomyces	Unclassified	MBT76	NZ_LNBE01000004.0	38	amglyccycl-lassopeptide hybrid	1656784	1697106	False	True	CetoniacytoneA	12	BGC0000283_c1	https://antismash-db.secondarymetabolites.org/go/GCF_001445655/38	https://antismash-db.secondarymetabolites.org/api/v1.0/download/genbank/GCF_001445655/cluster/38
Rhodococcus	Unclassified	164Chir2E	NZ_FMVB01000010.0	5	amglyccycl-otherks hybrid	69312	111573	False	True	Acarbose	7	BGC0000691_c1	https://antismash-db.secondarymetabolites.org/go/GCF_900101565/5	https://antismash-db.secondarymetabolites.org/api/v1.0/download/genbank/GCF_900101565/cluster/5
Streptomyces	Unclassified	NRRL WC-3618	NZ_LGDW01000002.0	1	amglyccycl	19790	41017	False	True	Validamycin	22	BGC0000723_c1	https://antismash-db.secondarymetabolites.org/go/GCF_001280005/1	https://antismash-db.secondarymetabolites.org/api/v1.0/download/genbank/GCF_001280005/cluster/1
Nocardia	Unclassified	NRRL S-836	NZ_LGDY01000058.0	5	amglyccycl-t1pks hybrid	2947	75524	False	True	Pyralomicin	18	BGC0001038_c1	https://antismash-db.secondarymetabolites.org/go/GCF_001279525/5	https://antismash-db.secondarymetabolites.org/api/v1.0/download/genbank/GCF_001279525/cluster/5
Streptomyces	Unclassified	NRRL B-3648	NZ_LGDZ01000041.0	6	amglyccycl	92482	113724	False	True	Pyralomicin	14	BGC0001038_c1	https://antismash-db.secondarymetabolites.org/go/GCF_001279545/6	https://antismash-db.secondarymetabolites.org/api/v1.0/download/genbank/GCF_001279545/cluster/6
Streptomyces	Unclassified	NBRC 109436	NZ_BBON01000020.0	2	amglyccycl-t1pks hybrid	75958	140068	False	True	Validamycin	40	BGC0000722_c1	https://antismash-db.secondarymetabolites.org/go/GCF_001652895/2	https://antismash-db.secondarymetabolites.org/api/v1.0/download/genbank/GCF_001652895/cluster/2
Streptomyces	Unclassified	NBRC 109436	NZ_BBON01000111.0	33	amglyccycl-terpene hybrid	11278	42157	True	True	HygromycinB	51	BGC0000699_c1	https://antismash-db.secondarymetabolites.org/go/GCF_001652895/33	https://antismash-db.secondarymetabolites.org/api/v1.0/download/genbank/GCF_001652895/cluster/33
Streptomyces	Unclassified	150FB	NZ_JTHL01000001.0	17	amglyccycl-nrps-otherks-phenazine-t1pks hybrid	3790742	3873553	False	True	Esmeraldin	60	BGC0000935_c1	https://antismash-db.secondarymetabolites.org/go/GCF_000818195/17	https://antismash-db.secondarymetabolites.org/api/v1.0/download/genbank/GCF_000818195/cluster/17
Unclassified	Unclassified	OK074	NZ_LJCV01000125.0	30	amglyccycl	0	10346	True	True	None	None	None	https://antismash-db.secondarymetabolites.org/go/GCF_001298575/30	https://antismash-db.secondarymetabolites.org/api/v1.0/download/genbank/GCF_001298575/cluster/30
Unclassified	Unclassified	OV320	NZ_LJCX01000037.0	30	amglyccycl	206755	228009	False	True	CetoniacytoneA	9	BGC0000283_c1	https://antismash-db.secondarymetabolites.org/go/GCF_001298545/30	https://antismash-db.secondarymetabolites.org/api/v1.0/download/genbank/GCF_001298545/cluster/30
Streptomyces	griseus	XylebKG-1	NZ_GL877172.1	27	amglyccycl	7169476	7193068	False	True	Streptomycin	26	BGC0000717_c1	https://antismash-db.secondarymetabolites.org/go/GCF_000177175/27	https://antismash-db.secondarymetabolites.org/api/v1.0/download/genbank/GCF_000177175/cluster/27
Rhodococcus	Unclassified	ARP2	NZ_LEKE01000054.0	18	amglyccycl-otherks hybrid	76204	118465	False	True	Acarbose	7	BGC0000691_c1	https://antismash-db.secondarymetabolites.org/go/GCF_001029585/18	https://antismash-db.secondarymetabolites.org/api/v1.0/download/genbank/GCF_001029585/cluster/18
Streptomyces	Unclassified	CB03234	NZ_LIYH01000004.0	22	amglyccycl	543873	565070	False	True	CetoniacytoneA	9	BGC0000283_c1	https://antismash-db.secondarymetabolites.org/go/GCF_001905885/22	https://antismash-db.secondarymetabolites.org/api/v1.0/download/genbank/GCF_001905885/cluster/22
Amycolatopsis	Unclassified	CB00013	NZ_LIWC01000004.0	22	amglyccycl-otherks hybrid	321980	378347	False	True	CetoniacytoneA	38	BGC0000283_c1	https://antismash-db.secondarymetabolites.org/go/GCF_001905755/22	https://antismash-db.secondarymetabolites.org/api/v1.0/download/genbank/GCF_001905755/cluster/22
Nocardiopsis	Unclassified	TSRI0078	NZ_LWLB01000003.0	5	amglyccycl	30535	51771	False	True	Acarbose	14	BGC0000691_c1	https://antismash-db.secondarymetabolites.org/go/GCF_001905145/5	https://antismash-db.secondarymetabolites.org/api/v1.0/download/genbank/GCF_001905145/cluster/5
Streptomyces	Unclassified	CB02923	NZ_LWKZ01000023.0	19	amglyccycl-t1pks hybrid	498337	659113	False	True	Lividomycin	76	BGC0000708_c1	https://antismash-db.secondarymetabolites.org/go/GCF_001905005/19	https://antismash-db.secondarymetabolites.org/api/v1.0/download/genbank/GCF_001905005/cluster/19
Streptomyces	Unclassified	TSRI0281	NZ_LWLE01000004.0	7	amglyccycl	332342	350528	True	True	Validamycin	7	BGC0000722_c1	https://antismash-db.secondarymetabolites.org/go/GCF_001905125/7	https://antismash-db.secondarymetabolites.org/api/v1.0/download/genbank/GCF_001905125/cluster/7
Kitasatospora	Unclassified	Root107	NZ_LMCT01000072.0	29	amglyccycl	118930	140103	False	True	CetoniacytoneA	9	BGC0000283_c1	https://antismash-db.secondarymetabolites.org/go/GCF_001424875/29	https://antismash-db.secondarymetabolites.org/api/v1.0/download/genbank/GCF_001424875/cluster/29
Pseudomonas	Unclassified	OK272	NZ_FOCB01000008.0	3	amglyccycl	215764	237621	False	True	Paromomycin	7	BGC0000712_c1	https://antismash-db.secondarymetabolites.org/go/GCF_900109995/3	https://antismash-db.secondarymetabolites.org/api/v1.0/download/genbank/GCF_900109995/cluster/3
Streptomyces	Unclassified	DvalAA-19	NZ_FMCC01000090.0	25	amglyccycl	5861	27064	False	True	Acarbose	14	BGC0000691_c1	https://antismash-db.secondarymetabolites.org/go/GCF_900091865/25	https://antismash-db.secondarymetabolites.org/api/v1.0/download/genbank/GCF_900091865/cluster/25
Streptomyces	Unclassified	JHA26	NZ_BDJC01000045.0	18	amglyccycl-butyrolactone-otherks hybrid	0	45805	True	True	Neocarzinostatin	6	BGC0000112_c1	https://antismash-db.secondarymetabolites.org/go/GCF_002005565/18	https://antismash-db.secondarymetabolites.org/api/v1.0/download/genbank/GCF_002005565/cluster/18
Archangium	Unclassified	Cb G35	NZ_MPOI01000002.0	13	amglyccycl	767895	789128	False	True	CetoniacytoneA	19	BGC0000283_c1	https://antismash-db.secondarymetabolites.org/go/GCF_001896145/13	https://antismash-db.secondarymetabolites.org/api/v1.0/download/genbank/GCF_001896145/cluster/13
Micromonospora	Unclassified	Rc5	NZ_MQMK01000215.0	12	amglyccycl	0	13458	True	True	Validamycin	22	BGC0000722_c1	https://antismash-db.secondarymetabolites.org/go/GCF_002006875/12	https://antismash-db.secondarymetabolites.org/api/v1.0/download/genbank/GCF_002006875/cluster/12
Arthrobacter	Unclassified	SW1	NZ_MJLT01000002.0	1	amglyccycl	17114	38290	False	True	CetoniacytoneA	9	BGC0000283_c1	https://antismash-db.secondarymetabolites.org/go/GCF_001766675/1	https://antismash-db.secondarymetabolites.org/api/v1.0/download/genbank/GCF_001766675/cluster/1
